                  epoch,         train/box_loss,         train/cls_loss,         train/dfl_loss,   metrics/precision(B),      metrics/recall(B),       metrics/mAP50(B),    metrics/mAP50-95(B),           val/box_loss,           val/cls_loss,           val/dfl_loss,                 lr/pg0,                 lr/pg1,                 lr/pg2
                      1,                  1.342,                 4.2319,                 1.5791,                0.54169,                0.46048,                0.48035,                0.29998,                 1.4175,                 2.8264,                 1.6642,             9.5306e-05,             9.5306e-05,             9.5306e-05
                      2,                 1.2998,                 2.1378,                 1.5133,                0.62572,                0.63379,                0.69412,                0.46834,                 1.2077,                 1.6108,                  1.472,             0.00015289,             0.00015289,             0.00015289
                      3,                 1.2021,                 1.7238,                 1.4532,                0.68897,                0.68176,                0.74695,                0.50737,                   1.19,                 1.5246,                 1.4647,             0.00017273,             0.00017273,             0.00017273
                      4,                 1.1046,                 1.3579,                 1.3678,                0.76295,                0.83324,                0.88167,                0.66266,                0.93848,                0.96943,                 1.2491,             0.00011612,             0.00011612,             0.00011612
                      5,                 1.0427,                 1.1797,                  1.322,                0.69381,                0.84666,                0.86976,                0.64778,                0.95759,                 1.0977,                 1.2587,             0.00011612,             0.00011612,             0.00011612
